{
    "type": "minecraft:tree",
    "config": {
        "ignore_vines": false,
        "force_dirt": false,
        "minimum_size": {
            "type": "two_layers_feature_size",
            "limit": 1,
            "lower_size": 0,
            "upper_size": 1
        },
        "dirt_provider": {
            "type": "simple_state_provider",
            "state": {
                "Name": "minecraft:iron_ore"
            }
        },
        "spaling_provider": {
            "state": {
                "Name": "tconstruct:earth_slime_sapling",
                "Properties": {
                    "stage": "0"
                }
            }
        },
        "trunk_provider": {
            "state": {
                "Name": "tconstruct:stripped_greenheart_log",
                "Properties": {
                    "axis": "y"
                }
            }
        },
        "foliage_provider": {
            "state": {
                "Name": "tconstruct:sky_slime_leaves",
                "Properties": {
                    "persistent": "false",
                    "distance": "7"
                }
            }
        },
        "trunk_placer": {
            "type": "mega_jungle_trunk_placer",
            "base_height": 17,
            "height_rand_a": 2,
            "height_rand_b": 14
        },
        "foliage_placer": {
            "type": "minecraft:jungle_foliage_placer",
            "radius": 4,
            "offset": 0,
            "height": 3
          }
    }
}