{
    "type": "minecraft:decorated",
    "config": {
        "feature": {
            "type": "block_pile",
            "config": {
                "state_provider": {
                    "type": "weighted_state_provider",
                    "entries": [
                        {
                            "data": {
                                "Name": "minecraft:obsidian"
                            },
                            "weight": 6
                        },
                        {
                            "data": {
                                "Name": "minecraft:crying_obsidian"
                            },
                            "weight": 1
                        }
                    ]
                }
            }
        },
        "decorator": {
            "type": "minecraft:heightmap",
            "config": {
                "heightmap": "OCEAN_FLOOR"
            }
        }
    }
}