{
	"surface_builder": "packname:slime",
	"depth": 0.1,
	"scale": 0.1,
	"temperature": 0.9,
	"downfall": 0.9,
	"precipitation": "rain",
	"temperature_modifier": "none",
	"category": "plains",
	"player_spawn_friendly": false,
	"creature_spawn_probability": 0.1,
	"effects": {
		"sky_color": 1099482,
		"fog_color": 1099431,
		"water_color": 8311770,
		"water_fog_color": 7924474,
		"grass_color_modifier": "none",
		"particle": {
			"options": {
				"type": "tconstruct:sky_slime"
			},
			"probability": 1
		}
	},
	"starts": [],
	"spawners": {
		"monster": [],
		"creature": [],
		"ambient": [],
		"water_creature": [],
		"water_ambient": [],
		"misc": []
	},
	"spawn_costs": {},
	"carvers": {
		"air": [
			"minecraft:canyon"
		]
	},
	"features": [
		[],
		[
			"minecraft:lake_lava"
		],
		[
			"minecraft:forest_rock",
			"packname:scattered_meteor",
			"packname:small_meteor"
		]
	]
}
