{
	"type": "packname:planet",
	"generator": {
		"type": "minecraft:noise",
		"seed": 1509925736,
		"settings": "minecraft:overworld",
		"biome_source": {
			"type": "minecraft:multi_noise",
			"seed": 1509925736,
			"altitude_noise": {
				"firstOctave": 7,
				"amplitudes": [
					1,
					1
				]
			},
			"temperature_noise": {
				"firstOctave": -7,
				"amplitudes": [
					1,
					1
				]
			},
			"humidity_noise": {
				"firstOctave": 7,
				"amplitudes": [
					1,
					1
				]
			},
			"weirdness_noise": {
				"firstOctave": 7,
				"amplitudes": [
					1,
					1
				]
			},
			"biomes": [
				{
					"biome": "minecraft:plains",
					"parameters": {
						"altitude": 0.1,
						"temperature": 0,
						"humidity": 0,
						"weirdness": 0,
						"offset": 0
					}
				},
				{
					"biome": "minecraft:forest",
					"parameters": {
						"altitude": 0.2,
						"temperature": 0,
						"humidity": 0.1,
						"weirdness": 0.1,
						"offset": 0.1
					}
				},
				{
					"biome": "minecraft:river",
					"parameters": {
						"altitude": -0.3,
						"temperature": 0,
						"humidity": 0.5,
						"weirdness": 0.2,
						"offset": 0.5
					}
				},
				{
					"biome": "minecraft:deep_ocean",
					"parameters": {
						"altitude": -1,
						"temperature": 0,
						"humidity": 0.7,
						"weirdness": 0.2,
						"offset": 0.3
					}
				},
				{
					"biome": "minecraft:birch_forest_hills",
					"parameters": {
						"altitude": 0.6,
						"temperature": 0,
						"humidity": 0.3,
						"weirdness": 0.3,
						"offset": 0.2
					}
				}
			]
		}
	}
}